<?xml version="1.0" encoding="UTF-8" standalone="yes"?>
<addon id="repository.AS0x16.xbmc-addons" name="AS0x16 XBMC Add-on Repository" version="1.0.0" provider-name="AS0x16">
    <extension point="xbmc.addon.repository" name="AS0x16 XBMC Add-on Repository">
        <info compressed="false">https://raw.githubusercontent.com/pampereo/pampereo-xbmc-plugins/master/addons.xml</info>
        <checksum>https://raw.githubusercontent.com/pampereo/pampereo-xbmc-plugins/master/addons.xml.md5</checksum>
        <datadir zip="true">https://raw.githubusercontent.com/pampereo/pampereo-xbmc-plugins/master/zips</datadir>
    </extension>
    <extension point="xbmc.addon.metadata">
        <summary>AS0x16 Plugins Collection</summary>
        <description>Misc Plugins</description>
        <platform>all</platform>
    </extension>
</addon>