<?xml version="1.0" encoding="UTF-8" standalone="yes"?>
<addon id="script.teledunetListUpdater"
       name="Teledunet List Updater"
       version="1.0.3"
       provider-name="AS0x16">
  <requires>
    <import addon="xbmc.python" version="2.1.0"/>
  </requires>
  <extension point="xbmc.python.pluginsource" library="default.py">
        <provides>executable</provides>
  </extension>
  <extension point="xbmc.addon.metadata">
    <summary lang="en">Teledunet M3U List Updater.</summary>
    <description lang="en">Teledunet m3u List updater for Premium User.</description>
    <platform>all</platform>
    <language>en</language>
    <email>aymsai@hotmail.com</email>
    <disclaimer>For issues visit my GitHub Repo on https://github.com/pampereo/AS0x16-Repository</disclaimer>
  </extension>
</addon>