<?xml version="1.0" encoding="UTF-8" standalone="yes"?>
<addon id="script.teledunetListUpdater"
       name="Teledunet List Updater"
       version="1.0.1"
       provider-name="AS0x16">
  <requires>
    <import addon="xbmc.python" version="2.1.0"/>
  </requires>
  <extension point="xbmc.python.pluginsource" library="default.py">
        <provides>executable</provides>
  </extension>
  <extension point="xbmc.addon.metadata">
    <summary lang="en">Teledunet M3U List Updater.</summary>
    <description lang="en">This is the Teledunet m3u List updater for Premium User.</description>
    <platform>all</platform>
 <language>en</language>
 <email>aymen_said@web.de</email>
 <disclaimer> report any issues with this addon to aymen_said@web.de and No Warranty of function</disclaimer>
  </extension>
</addon>